idname,formula,category,chatper_number,section_number
bionomial_equal,"Formula for bionomial equal is $bionomial_equal space probability of success space number of trials(n value) space number of times(x value).",bionomial,4,4.3
bionomial_greater_than,"Formula for bionomial more than x is $bionomial_greater_than space probability of success space number of trials(n value) space number of times(x value). Just for information not including X > x.",bionomial,4,4.3
bionomial_greater_than_or_equal,"Formula for bionomial more than or equal to x is $bionomial_greater_than_equal space probability of success space number of trials(n value) space number of times(x value). Just for information not including X >= x.",bionomial,4,4.3
bionomial_less_than,"Formula for bionomial less is $bionomial_less_than space probability of success space number of trials(n value) space number of times(x value). Just for information not including X < x.",bionomial,4,4.3
bionomial_less_than_or_equal,"Formula for bionomial less than or equal to x is $bionomial_less_than_or_equal space probability of success space number of trials(n value) space number of times(x value). Just for information including X <= x.",bionomial,4,4.3
bionomial_mean,"Formula for bionomial mean $bionomial_mean space probability of success space number of trials(n value) space.",bionomial,4,4.3
bionomial_range_equal,"Formula for bionomial range formula $bionomial_range_equal space probability of success space number of trials(n value) space x value minimum space x value maximum.",bionomial,4,4.3
bionomial_range_equal_less_than,"Formula for bionomial range formula $bionomial_range_equal_less_than space probability of success space number of trials(n value) space x value minimum space x value maximum. Just for information it will include x minimum value but not include x maximum value.",bionomial,4,4.3
bionomial_range_greater_than_and_equal,"Formula for bionomial range formula $bionomial_range_greater_than_or_equal space probability of success space number of trials(n value) space x value minimum space x value maximum. Just for information it will not include x minimum value but include x maximum value.",bionomial,4,4.3
bionomial_range_greater_than_and_less_than,"Formula for bionomial range formula $bionomial_range_greater_than_and_less_than space probability of success space number of trials(n value) space x value minimum space x value maximum. Just for information it will not include x minimum value and x maximum value.",bionomial,4,4.3
bionomial_sd,"Formula for bionomial stand deviation $bionomial_sd space probability of success space number of trials(n value).",bionomial,4,4.3
combination,"Formula for combination is $combination space probability space x value.",combination,4,4.2
geometric_equal,"Formula for geometric equal is $geometric_equal space probability space x value.",geometric,4,4.2
geometric_greater_than,"Formula for geometric greater than is $geometric_greater_than space probability space x value.",geometric,4,4.2
geometric_less_than,"Formula for geometric less than is $geometric_less_than space probability space x value. Just for information that it will not include x vaule.",geometric,4,4.2
geometric_less_than_or_equal,"Formula for geometric less than is $geometric_less_than_or_equal space probability space x value. Just of information that it will include x value.",geometric,4,4.2
geometric_mean,"Formula for geometric mean is $geometric_mean space probability.",geometric,4,4.2
geometric_range_equal,"Formula for geometric range is $geometric_range_equal space probability space minimum space maximum. Just for information that it will include maximum.",geometric,4,4.2
geometric_range_equal_and_less_than,"Formula for geometric range is $geometric_range_equal_and_less_than space probability space minimum space maximum. Just for information that it will not include maximum.",geometric,4,4.2
geometric_range_greater_than_and_equal,"Formula for geometric range is $geometric_range_greater_than_and_equal space probability space minimum space maximum. Just for information that it will not include minimum.",geometric,4,4.2
geometric_range_greater_than_and_less_than,"Formula for geometric range is $geometric_range_greater_than_and_less_than space probability space minimum space maximum. Just for information that it will not include minimum and maximum.",geometric,4,4.2
geometric_sd,"Formula for geometric standard deviation is $geometric_sd space probability.",geometric,4,4.2
margin_error,"Formula for margin error is $margin_error space p-hat space n value (sample size) space precentage(%) ir probability of confidence.",margin_error,5,5.2
normal_distribution_between,"Formula for normal distribution between is $normal_distribution_between space x value minimum space x value maximum space mean space standard deviation.",normal,4,4.1
normal_distribution_greater_than,"Formula for normal distribution greater than is $normal_distribution_greater_than space x value space mean space standard deviation.",normal,4,4.1
normal_distribution_less_than,"Formula for normal distribution less than is $normal_distribution_less_than space x value space mean space standard deviation.",normal,4,4.1
p_value_to_z_score,"Formula for p value to z-score is $p_value_to_z_score space p_value space < for z-score less than zero and > for z-score greater than zero. ",p_value,4,4.1
p_value_to_z_score_between,"Formula for z-score between two value is $p_value_to_z_score_between space p value.",p_value,4,4.1
point_estimate,"Formula for point estimate is $point_estimate space p-hat value in sample proportion space n value is sample size space percentage(%) or probability.",point,5,5.2
standard_error,"Formula for standard error is $standard_error space p-hat value in sample proportion space n value is sample size.",standard_error,5,5.1
t_distribution_one_pair,"Formula for t-distribution is $t_distribution_one_pair space standard deviation space n value space x mean space percentage(%) or probability. This is one trail answer.",t-distribution,7,7.1
t_distribution_sd,"Formula for t_distribution standard deviation is $t_distribution_sd space standard deviation space n value.",t-distribution,7,7.1
t_distribution_two_pair,"Formula for t-distribution is $t_distribution_two_pair space standard deviation space n value space x mean space percentage(%) or probability. This is two trail answer.",t-distribution,7,7.1
z_score,"Formula for z-score is $z_score space mean space standard_devaition.",z-score,4,4.1
z_score_1_sd,"Formula for z-score is $z_score_1_sd space mean space standard_devaition.",z-score,4,4.1
z_score_2_sd,"Formula for z-score is $z_score_2_sd space mean space standard_devaition.",z-score,4,4.1
z_score_3_sd,"Formula for z-score is $z_score_3_sd space mean space standard_devaition.",z-score,4,4.1
