<?xml version='1.0'?>
<replacements xml:space='preserve' incomplete_format='false'>
</replacements>
<?xml version='1.0'?>
<replacements xml:space='preserve' incomplete_format='false'>
</replacements>
<?xml version='1.0'?>
<replacements xml:space='preserve' incomplete_format='false'>
</replacements>
<?xml version='1.0'?>
<replacements xml:space='preserve' incomplete_format='false'>
</replacements>
<?xml version='1.0'?>
<replacements xml:space='preserve' incomplete_format='false'>
</replacements>
<?xml version='1.0'?>
<replacements xml:space='preserve' incomplete_format='false'>
<replacement offset='93' length='2'>&#10;</replacement>
<replacement offset='331' length='2'>&#10;</replacement>
</replacements>
<?xml version='1.0'?>
<replacements xml:space='preserve' incomplete_format='false'>
<replacement offset='0' length='43'>#include "game_element.h"&#10;#include &lt;memory></replacement>
<replacement offset='131' length='2'>&#10;</replacement>
<replacement offset='384' length='2'>&#10;</replacement>
<replacement offset='640' length='3'>&#10;&#10;</replacement>
</replacements>
<?xml version='1.0'?>
<replacements xml:space='preserve' incomplete_format='false'>
<replacement offset='0' length='74'>#include "cpputils/graphics/image.h"&#10;#include &lt;iostream>&#10;#include &lt;string></replacement>
<replacement offset='140' length='2'>&#10;</replacement>
<replacement offset='837' length='3'>&#10;&#10;</replacement>
</replacements>
<?xml version='1.0'?>
<replacements xml:space='preserve' incomplete_format='false'>
<replacement offset='221' length='2'>&#10;</replacement>
<replacement offset='1068' length='3'>&#10;&#10;</replacement>
</replacements>
